book_id,character_id
1,1010
1,1017
1,1022
1,1023
1,1025
1,1029
1,1033
1,1034
1,1043
1,1044
1,1049
1,1051
1,1055
1,1063
1,1068
1,1069
1,107
1,1072
1,1074
1,1076
1,1077
1,1079
1,1080
1,1089
1,1090
1,1091
1,1093
1,1096
1,1104
1,1106
1,1107
1,1110
1,1113
1,1114
1,1116
1,1120
1,1122
1,1124
1,1131
1,1132
1,1140
1,1142
1,1147
1,115
1,1152
1,1158
1,116
1,1165
1,1166
1,1178
1,1188
1,1193
1,12
1,120
1,1214
1,1219
1,1228
1,1245
1,1247
1,125
1,1253
1,1260
1,1262
1,1265
1,1266
1,1267
1,1268
1,1269
1,1275
1,1277
1,1278
1,128
1,1280
1,1282
1,1284
1,1289
1,129
1,1296
1,1299
1,13
1,130
1,1304
1,1317
1,1326
1,1333
1,1335
1,1336
1,1340
1,1346
1,135
1,1352
1,1355
1,137
1,1373
1,1383
1,1389
1,1396
1,1409
1,1410
1,1418
1,142
1,1430
1,1434
1,1442
1,1444
1,1453
1,1455
1,1456
1,1463
1,1466
1,1468
1,147
1,1470
1,1488
1,149
1,1499
1,150
1,1502
1,151
1,1515
1,1520
1,1523
1,1526
1,1529
1,1530
1,1531
1,1540
1,1547
1,1548
1,1549
1,1551
1,1559
1,1560
1,1565
1,1566
1,1568
1,1570
1,1573
1,1585
1,1596
1,16
1,160
1,1602
1,1620
1,1624
1,1627
1,1631
1,164
1,1649
1,1650
1,1660
1,1662
1,1665
1,1666
1,1670
1,1674
1,1675
1,1677
1,168
1,1682
1,1697
1,1706
1,1708
1,171
1,1710
1,1713
1,1715
1,1717
1,1721
1,1724
1,1725
1,1727
1,1741
1,1742
1,1749
1,1755
1,1770
1,1772
1,1787
1,1790
1,1802
1,181
1,1815
1,1816
1,1826
1,1837
1,1838
1,1840
1,1843
1,1855
1,1856
1,1861
1,1873
1,1874
1,1875
1,1880
1,1882
1,190
1,1900
1,1909
1,1911
1,1916
1,1935
1,1938
1,1939
1,194
1,1942
1,1963
1,1968
1,1976
1,1979
1,198
1,1997
1,2
1,20
1,2002
1,2008
1,2009
1,2013
1,2014
1,202
1,2020
1,2025
1,2029
1,203
1,2044
1,2045
1,2047
1,2051
1,2059
1,206
1,2067
1,2068
1,2069
1,2071
1,2073
1,2076
1,2089
1,209
1,211
1,2114
1,2119
1,2121
1,213
1,217
1,220
1,223
1,225
1,235
1,238
1,245
1,259
1,264
1,27
1,273
1,274
1,291
1,292
1,293
1,294
1,303
1,306
1,31
1,313
1,315
1,325
1,326
1,327
1,338
1,346
1,347
1,348
1,361
1,368
1,377
1,379
1,38
1,380
1,384
1,385
1,39
1,393
1,394
1,397
1,40
1,400
1,401
1,405
1,408
1,41
1,413
1,415
1,418
1,42
1,421
1,427
1,435
1,439
1,458
1,46
1,461
1,463
1,466
1,467
1,475
1,476
1,484
1,487
1,490
1,494
1,496
1,498
1,501
1,503
1,506
1,508
1,519
1,521
1,526
1,527
1,529
1,531
1,532
1,533
1,535
1,536
1,539
1,54
1,547
1,557
1,558
1,56
1,562
1,565
1,57
1,572
1,584
1,585
1,586
1,588
1,595
1,60
1,600
1,604
1,605
1,61
1,613
1,615
1,62
1,622
1,631
1,632
1,635
1,640
1,649
1,650
1,651
1,66
1,67
1,672
1,677
1,688
1,69
1,691
1,692
1,694
1,695
1,701
1,709
1,714
1,718
1,721
1,724
1,725
1,731
1,734
1,749
1,751
1,752
1,754
1,755
1,759
1,766
1,768
1,775
1,778
1,779
1,782
1,784
1,786
1,79
1,797
1,805
1,806
1,814
1,815
1,820
1,823
1,827
1,828
1,829
1,832
1,837
1,844
1,850
1,852
1,860
1,862
1,867
1,869
1,876
1,884
1,886
1,887
1,89
1,891
1,892
1,894
1,901
1,903
1,909
1,912
1,913
1,916
1,933
1,945
1,954
1,955
1,969
1,972
1,975
1,983
1,984
1,994
2,1000
2,1004
2,1009
2,1010
2,1011
2,1023
2,1024
2,1025
2,1029
2,1033
2,1034
2,1043
2,1045
2,1049
2,1051
2,1053
2,1054
2,1055
2,1056
2,1058
2,1063
2,1068
2,1069
2,1072
2,1074
2,1079
2,108
2,1080
2,1081
2,1082
2,1083
2,1084
2,1085
2,1086
2,1088
2,1089
2,1090
2,1091
2,1092
2,1093
2,1094
2,1095
2,1096
2,1097
2,1100
2,1101
2,1102
2,1104
2,1105
2,1106
2,1107
2,1109
2,111
2,1111
2,1113
2,1114
2,1115
2,1116
2,1118
2,112
2,1122
2,1124
2,1125
2,1131
2,1132
2,1134
2,1135
2,1136
2,114
2,1141
2,1142
2,1144
2,1146
2,1147
2,1148
2,115
2,1151
2,1153
2,1155
2,1158
2,116
2,1161
2,1162
2,1164
2,1166
2,1170
2,1171
2,1177
2,1179
2,118
2,1181
2,1184
2,1185
2,1186
2,1188
2,119
2,1190
2,1196
2,12
2,1205
2,1207
2,1217
2,122
2,1222
2,1224
2,1226
2,123
2,1237
2,124
2,1244
2,125
2,1250
2,1251
2,1253
2,1254
2,1260
2,1262
2,1265
2,1266
2,1267
2,1268
2,127
2,1270
2,1272
2,1275
2,1277
2,1280
2,1283
2,1289
2,1293
2,1294
2,1296
2,1297
2,13
2,130
2,1305
2,1306
2,1310
2,1312
2,1315
2,1317
2,1321
2,1325
2,1326
2,1332
2,1333
2,1335
2,1340
2,1345
2,1346
2,1349
2,135
2,1350
2,1352
2,1355
2,1356
2,1357
2,1360
2,1361
2,1363
2,1370
2,1371
2,1373
2,1378
2,1383
2,1393
2,1396
2,1400
2,1407
2,1409
2,1410
2,1416
2,1417
2,1418
2,142
2,1422
2,1427
2,143
2,1434
2,1435
2,1442
2,145
2,1453
2,146
2,1461
2,1466
2,1468
2,147
2,1471
2,1473
2,1479
2,1483
2,1484
2,1488
2,1489
2,149
2,1492
2,1495
2,1496
2,150
2,1502
2,1503
2,1505
2,1508
2,151
2,1515
2,1520
2,1522
2,1523
2,1526
2,153
2,1531
2,1532
2,1540
2,1544
2,1547
2,1548
2,1549
2,1550
2,1552
2,1559
2,1560
2,1561
2,1565
2,1568
2,1570
2,1571
2,1578
2,158
2,1583
2,1593
2,1595
2,1597
2,16
2,1601
2,1602
2,1606
2,1610
2,1626
2,1627
2,1630
2,1635
2,1638
2,164
2,1640
2,1649
2,1650
2,1651
2,1652
2,1661
2,1663
2,1666
2,1667
2,1669
2,167
2,1670
2,1674
2,1676
2,1677
2,1679
2,168
2,1680
2,1682
2,1683
2,1687
2,1696
2,1697
2,170
2,1701
2,1706
2,1708
2,1713
2,1715
2,1722
2,1727
2,173
2,1732
2,1734
2,1736
2,1737
2,1741
2,1742
2,1744
2,1749
2,1754
2,1755
2,1757
2,1762
2,177
2,1770
2,1778
2,1781
2,1784
2,1787
2,179
2,1791
2,1796
2,1797
2,1799
2,180
2,1807
2,181
2,1811
2,1813
2,1814
2,1815
2,1816
2,1818
2,1819
2,182
2,1820
2,1825
2,1826
2,1828
2,1829
2,183
2,1830
2,1839
2,1843
2,1844
2,1848
2,1849
2,1852
2,1854
2,1856
2,1861
2,1866
2,187
2,1871
2,1873
2,188
2,1880
2,1882
2,189
2,1893
2,1894
2,190
2,1900
2,1903
2,1916
2,1919
2,192
2,1920
2,1924
2,1925
2,1927
2,1931
2,1935
2,1938
2,1939
2,194
2,1940
2,1946
2,1947
2,1950
2,1952
2,1960
2,1963
2,1964
2,1967
2,1971
2,1973
2,1974
2,1976
2,1977
2,1979
2,1986
2,199
2,1994
2,1996
2,2
2,20
2,200
2,2002
2,2008
2,2009
2,2010
2,2012
2,2013
2,2014
2,2015
2,2019
2,202
2,2020
2,2028
2,203
2,2030
2,2034
2,2037
2,204
2,2042
2,2044
2,2045
2,2046
2,2049
2,2057
2,2058
2,206
2,2061
2,2063
2,2067
2,2069
2,207
2,2071
2,2072
2,2073
2,2074
2,2077
2,2085
2,209
2,2090
2,2091
2,2093
2,2095
2,2096
2,2097
2,210
2,2109
2,211
2,2111
2,2116
2,212
2,2122
2,2126
2,213
2,214
2,216
2,217
2,218
2,219
2,220
2,222
2,223
2,225
2,228
2,23
2,230
2,235
2,237
2,238
2,247
2,249
2,250
2,251
2,252
2,254
2,259
2,262
2,263
2,264
2,27
2,274
2,276
2,280
2,286
2,288
2,291
2,292
2,293
2,294
2,295
2,296
2,297
2,303
2,306
2,308
2,31
2,311
2,314
2,315
2,317
2,320
2,321
2,322
2,323
2,324
2,325
2,326
2,327
2,328
2,331
2,332
2,333
2,335
2,336
2,337
2,338
2,339
2,340
2,341
2,346
2,348
2,349
2,350
2,351
2,352
2,354
2,356
2,357
2,36
2,361
2,368
2,369
2,37
2,370
2,371
2,375
2,376
2,377
2,379
2,38
2,380
2,381
2,382
2,383
2,384
2,385
2,389
2,392
2,393
2,394
2,397
2,400
2,401
2,404
2,408
2,411
2,413
2,414
2,415
2,417
2,418
2,42
2,421
2,423
2,434
2,439
2,442
2,443
2,446
2,458
2,46
2,461
2,462
2,463
2,475
2,476
2,486
2,487
2,490
2,496
2,498
2,500
2,501
2,502
2,503
2,504
2,506
2,507
2,519
2,52
2,521
2,522
2,523
2,529
2,53
2,530
2,531
2,532
2,533
2,534
2,535
2,536
2,537
2,539
2,54
2,544
2,547
2,549
2,553
2,555
2,557
2,56
2,562
2,565
2,571
2,572
2,574
2,577
2,58
2,585
2,586
2,587
2,589
2,590
2,591
2,593
2,595
2,597
2,598
2,60
2,600
2,602
2,604
2,605
2,608
2,609
2,613
2,617
2,62
2,622
2,625
2,628
2,629
2,632
2,635
2,638
2,639
2,64
2,640
2,644
2,649
2,651
2,659
2,66
2,660
2,669
2,67
2,670
2,672
2,676
2,677
2,678
2,68
2,682
2,688
2,69
2,690
2,691
2,692
2,693
2,699
2,70
2,700
2,701
2,71
2,710
2,711
2,712
2,713
2,717
2,718
2,72
2,721
2,723
2,724
2,725
2,727
2,73
2,730
2,731
2,734
2,735
2,738
2,740
2,741
2,742
2,743
2,747
2,750
2,751
2,752
2,754
2,755
2,756
2,761
2,764
2,765
2,766
2,768
2,769
2,774
2,775
2,778
2,78
2,782
2,784
2,786
2,788
2,79
2,799
2,800
2,801
2,802
2,806
2,809
2,812
2,814
2,815
2,817
2,818
2,819
2,82
2,820
2,823
2,824
2,825
2,827
2,828
2,829
2,832
2,844
2,849
2,85
2,850
2,854
2,859
2,86
2,862
2,863
2,866
2,867
2,87
2,876
2,877
2,884
2,887
2,89
2,890
2,891
2,892
2,894
2,896
2,897
2,899
2,900
2,901
2,903
2,909
2,912
2,913
2,914
2,918
2,922
2,932
2,933
2,937
2,938
2,941
2,944
2,945
2,946
2,947
2,948
2,949
2,95
2,950
2,952
2,954
2,955
2,956
2,959
2,960
2,961
2,966
2,968
2,972
2,975
2,976
2,977
2,983
2,984
2,986
2,989
2,993
2,994
2,995
2,998
3,100
3,1000
3,1004
3,1006
3,1008
3,1009
3,1010
3,1011
3,1013
3,1014
3,1017
3,1019
3,1020
3,1022
3,1024
3,1025
3,1027
3,1029
3,1033
3,1034
3,1036
3,1037
3,1038
3,1040
3,1043
3,1045
3,1046
3,1049
3,105
3,1051
3,1053
3,1054
3,1055
3,1056
3,1057
3,1058
3,1061
3,1063
3,1068
3,1072
3,1073
3,1074
3,1075
3,1077
3,1079
3,108
3,1080
3,1081
3,1082
3,1083
3,1084
3,1085
3,1086
3,1087
3,1088
3,1089
3,1090
3,1091
3,1092
3,1093
3,1094
3,1095
3,1096
3,1097
3,1099
3,1100
3,1102
3,1104
3,1105
3,1106
3,1107
3,111
3,1113
3,1114
3,1115
3,1116
3,1118
3,112
3,1122
3,1124
3,1125
3,1127
3,1131
3,1132
3,1134
3,1135
3,1136
3,1137
3,1139
3,114
3,1142
3,1144
3,1145
3,1146
3,1147
3,115
3,1151
3,1155
3,1157
3,1158
3,116
3,1161
3,1164
3,1165
3,1166
3,117
3,1172
3,1173
3,1174
3,1177
3,1179
3,118
3,1181
3,1182
3,1184
3,1186
3,1192
3,1194
3,1195
3,1196
3,1199
3,12
3,120
3,1200
3,1201
3,1205
3,1213
3,1216
3,1217
3,122
3,1220
3,1221
3,1222
3,1223
3,1224
3,1227
3,123
3,1231
3,1233
3,1234
3,1237
3,124
3,1240
3,1244
3,1246
3,125
3,1250
3,1252
3,1253
3,1257
3,1262
3,1265
3,1266
3,127
3,1270
3,1274
3,1275
3,1277
3,1279
3,1280
3,1281
3,1283
3,1289
3,1293
3,1295
3,1296
3,1298
3,13
3,130
3,1301
3,1305
3,1310
3,1311
3,1314
3,1315
3,1316
3,1317
3,1320
3,1321
3,1323
3,1325
3,1331
3,1334
3,1335
3,1337
3,1341
3,1342
3,1346
3,1347
3,1348
3,1350
3,1351
3,1352
3,1353
3,1355
3,1358
3,1362
3,1363
3,1364
3,1367
3,1369
3,1374
3,1375
3,1376
3,1377
3,138
3,1383
3,1384
3,1385
3,1390
3,1393
3,1396
3,1401
3,1404
3,1409
3,141
3,1410
3,1411
3,1412
3,1413
3,1417
3,1418
3,1419
3,142
3,1420
3,1425
3,1426
3,1427
3,1428
3,1429
3,1434
3,1435
3,1436
3,1437
3,1438
3,1442
3,1445
3,1447
3,1448
3,145
3,1450
3,1451
3,1453
3,1455
3,146
3,1465
3,1466
3,1467
3,1468
3,147
3,1471
3,1472
3,1474
3,1475
3,1479
3,1481
3,1487
3,1488
3,149
3,1494
3,1495
3,1497
3,1502
3,1507
3,1508
3,151
3,1509
3,1515
3,1518
3,1519
3,1520
3,1522
3,1523
3,1525
3,1526
3,153
3,1531
3,1532
3,1533
3,1535
3,1536
3,1539
3,1540
3,1544
3,1547
3,1548
3,1549
3,1559
3,1560
3,1561
3,1569
3,1570
3,1571
3,1574
3,1575
3,1576
3,1577
3,1578
3,158
3,1580
3,1581
3,1584
3,1587
3,159
3,1594
3,1599
3,16
3,160
3,1603
3,1604
3,1606
3,1607
3,161
3,1612
3,1613
3,1615
3,1616
3,1617
3,1618
3,1619
3,162
3,1621
3,1623
3,1625
3,1626
3,1627
3,1629
3,1630
3,1632
3,1634
3,164
3,1640
3,1645
3,1647
3,1649
3,1650
3,1654
3,1656
3,1657
3,1658
3,1659
3,1660
3,1666
3,1667
3,1669
3,1670
3,1674
3,1675
3,1676
3,1678
3,168
3,1681
3,1682
3,1683
3,1684
3,1685
3,1688
3,169
3,1692
3,1695
3,1696
3,1697
3,1700
3,1701
3,1703
3,1704
3,1706
3,1708
3,1709
3,1713
3,1715
3,1727
3,1729
3,173
3,1730
3,1732
3,1733
3,1735
3,1740
3,1741
3,1742
3,1747
3,1749
3,175
3,1754
3,1755
3,1759
3,1761
3,1762
3,1764
3,1766
3,1768
3,1769
3,177
3,1770
3,1774
3,1776
3,1777
3,1778
3,1781
3,1782
3,1783
3,1784
3,1785
3,1787
3,1789
3,179
3,1791
3,1794
3,1795
3,1797
3,1799
3,180
3,1800
3,1804
3,1805
3,1806
3,1807
3,1808
3,1809
3,181
3,1810
3,1811
3,1814
3,1815
3,1821
3,1824
3,1825
3,1826
3,1827
3,1828
3,1830
3,1839
3,1843
3,1847
3,1848
3,1852
3,1854
3,1856
3,1860
3,1861
3,1862
3,1864
3,187
3,1873
3,188
3,1880
3,1882
3,1885
3,189
3,1896
3,190
3,1900
3,1902
3,1903
3,1904
3,1911
3,1916
3,1917
3,1918
3,1920
3,1921
3,1922
3,1925
3,1926
3,193
3,1930
3,1931
3,1932
3,1933
3,1934
3,1935
3,1938
3,1939
3,194
3,1940
3,1941
3,1943
3,1947
3,1951
3,1952
3,1954
3,1955
3,1957
3,1959
3,1963
3,1964
3,1967
3,1969
3,1971
3,1972
3,1976
3,1977
3,1979
3,1984
3,1988
3,199
3,1990
3,1993
3,1994
3,1996
3,2
3,20
3,200
3,2002
3,2003
3,2005
3,2006
3,2007
3,2009
3,2010
3,2013
3,2014
3,2016
3,2017
3,2018
3,202
3,2020
3,2022
3,2024
3,2027
3,203
3,2031
3,2032
3,2035
3,2038
3,204
3,2041
3,2044
3,2045
3,2049
3,2050
3,2052
3,206
3,2060
3,2063
3,2065
3,2066
3,2067
3,2069
3,2070
3,2071
3,2072
3,2073
3,2074
3,2077
3,2085
3,2087
3,2088
3,2091
3,2092
3,2093
3,2097
3,2098
3,2099
3,21
3,2100
3,2109
3,2120
3,2121
3,2122
3,2126
3,2131
3,2134
3,214
3,216
3,217
3,219
3,222
3,223
3,225
3,227
3,228
3,230
3,234
3,235
3,237
3,238
3,245
3,247
3,250
3,251
3,252
3,254
3,262
3,263
3,264
3,267
3,27
3,273
3,274
3,279
3,280
3,282
3,285
3,286
3,288
3,290
3,291
3,292
3,294
3,295
3,296
3,297
3,298
3,299
3,3
3,300
3,303
3,306
3,308
3,309
3,31
3,310
3,311
3,312
3,315
3,320
3,321
3,322
3,323
3,325
3,326
3,327
3,329
3,330
3,331
3,332
3,336
3,337
3,338
3,339
3,341
3,346
3,347
3,348
3,35
3,352
3,357
3,36
3,360
3,361
3,362
3,364
3,365
3,368
3,369
3,37
3,370
3,372
3,374
3,375
3,377
3,379
3,38
3,380
3,381
3,382
3,383
3,385
3,39
3,392
3,393
3,394
3,397
3,40
3,401
3,404
3,405
3,406
3,408
3,41
3,411
3,413
3,415
3,416
3,417
3,418
3,42
3,421
3,423
3,424
3,426
3,434
3,438
3,439
3,442
3,443
3,448
3,453
3,458
3,46
3,461
3,462
3,465
3,470
3,475
3,476
3,485
3,486
3,487
3,490
3,496
3,498
3,499
3,50
3,500
3,501
3,502
3,503
3,504
3,506
3,507
3,51
3,511
3,519
3,52
3,521
3,522
3,523
3,524
3,526
3,527
3,53
3,530
3,531
3,532
3,533
3,534
3,535
3,536
3,537
3,539
3,54
3,547
3,549
3,550
3,553
3,555
3,557
3,559
3,56
3,560
3,561
3,562
3,563
3,565
3,571
3,572
3,574
3,575
3,576
3,58
3,580
3,585
3,586
3,587
3,588
3,590
3,592
3,595
3,597
3,599
3,60
3,600
3,602
3,603
3,604
3,605
3,606
3,607
3,609
3,613
3,616
3,617
3,62
3,621
3,622
3,623
3,624
3,625
3,626
3,628
3,629
3,630
3,631
3,632
3,635
3,636
3,638
3,639
3,64
3,640
3,647
3,649
3,650
3,651
3,657
3,658
3,659
3,660
3,662
3,663
3,664
3,665
3,666
3,669
3,67
3,670
3,673
3,674
3,676
3,677
3,678
3,68
3,682
3,683
3,686
3,688
3,689
3,69
3,690
3,691
3,692
3,693
3,694
3,697
3,699
3,7
3,70
3,700
3,701
3,704
3,708
3,71
3,710
3,711
3,712
3,713
3,717
3,718
3,72
3,720
3,721
3,722
3,723
3,725
3,727
3,73
3,730
3,731
3,735
3,736
3,738
3,740
3,741
3,742
3,743
3,745
3,746
3,747
3,748
3,750
3,752
3,754
3,755
3,756
3,757
3,761
3,762
3,764
3,765
3,766
3,767
3,768
3,769
3,77
3,770
3,771
3,772
3,774
3,775
3,776
3,778
3,78
3,780
3,781
3,783
3,784
3,785
3,786
3,788
3,79
3,796
3,799
3,80
3,800
3,801
3,802
3,803
3,804
3,805
3,806
3,808
3,809
3,81
3,811
3,812
3,814
3,815
3,817
3,818
3,819
3,82
3,820
3,822
3,823
3,824
3,825
3,826
3,827
3,828
3,829
3,831
3,832
3,834
3,837
3,838
3,84
3,844
3,848
3,849
3,85
3,850
3,851
3,852
3,854
3,855
3,856
3,858
3,86
3,860
3,862
3,863
3,866
3,867
3,869
3,87
3,874
3,876
3,877
3,882
3,884
3,887
3,889
3,89
3,890
3,891
3,892
3,894
3,896
3,897
3,899
3,900
3,901
3,902
3,903
3,905
3,909
3,912
3,913
3,914
3,922
3,923
3,925
3,927
3,929
3,930
3,931
3,932
3,933
3,937
3,938
3,94
3,940
3,941
3,944
3,945
3,946
3,947
3,948
3,949
3,95
3,950
3,952
3,953
3,955
3,956
3,959
3,96
3,960
3,961
3,965
3,966
3,968
3,972
3,973
3,974
3,975
3,976
3,983
3,984
3,986
3,989
3,991
3,992
3,994
3,995
3,996
3,997
3,998
4,1048
4,1067
4,1117
4,121
4,132
4,1392
4,161
4,1812
4,1966
4,1976
4,1983
4,2086
4,2128
4,2130
4,274
4,276
4,283
4,29
4,318
4,38
4,40
4,41
4,412
4,437
4,46
4,513
4,514
4,54
4,58
4,581
4,596
4,61
4,623
4,641
4,679
4,695
4,702
4,709
4,729
4,733
4,782
4,792
4,807
4,816
4,843
4,853
4,868
4,874
4,895
4,910
4,921
4,945
4,969
4,988
5,1
5,10
5,100
5,1000
5,1001
5,1002
5,1003
5,1004
5,1005
5,1006
5,1007
5,1009
5,1010
5,1011
5,1012
5,1013
5,1014
5,1015
5,1016
5,1018
5,1019
5,102
5,1020
5,1021
5,1022
5,1025
5,1027
5,1028
5,1029
5,103
5,1030
5,1031
5,1033
5,1035
5,1036
5,1039
5,1042
5,1043
5,1045
5,1046
5,1047
5,1049
5,1051
5,1052
5,1053
5,1054
5,1055
5,1056
5,1057
5,1058
5,1059
5,106
5,1061
5,1062
5,1063
5,1064
5,1071
5,1072
5,1073
5,1075
5,1079
5,108
5,1080
5,1081
5,1082
5,1083
5,1084
5,1085
5,1086
5,1088
5,1089
5,1090
5,1091
5,1092
5,1093
5,1094
5,1095
5,1096
5,1097
5,1098
5,11
5,1100
5,1102
5,1103
5,1104
5,1105
5,1106
5,1107
5,111
5,1110
5,1112
5,1113
5,1115
5,1116
5,1118
5,112
5,1120
5,1122
5,1123
5,1124
5,1125
5,1126
5,1127
5,1128
5,1130
5,1131
5,1132
5,1133
5,1134
5,1135
5,1136
5,1137
5,114
5,1142
5,1143
5,1144
5,1145
5,1146
5,1147
5,115
5,1150
5,1154
5,1155
5,1156
5,1157
5,116
5,1163
5,1164
5,1165
5,1168
5,117
5,1172
5,1173
5,1176
5,1177
5,1179
5,118
5,1184
5,1185
5,1191
5,1192
5,1196
5,1197
5,12
5,1201
5,1202
5,1203
5,1204
5,1205
5,1206
5,1207
5,1209
5,1210
5,1211
5,1215
5,1217
5,122
5,1221
5,1222
5,1223
5,1226
5,1227
5,123
5,1230
5,1231
5,1232
5,1233
5,1238
5,124
5,1242
5,1244
5,1249
5,125
5,1253
5,1256
5,1257
5,1258
5,1261
5,1262
5,1264
5,1271
5,1273
5,1274
5,1275
5,1277
5,1279
5,1280
5,1283
5,1285
5,1288
5,1289
5,1290
5,1292
5,1293
5,1295
5,1296
5,1298
5,1300
5,1301
5,1303
5,1305
5,1306
5,1307
5,1309
5,131
5,1310
5,1311
5,1315
5,1317
5,1319
5,1320
5,1321
5,1322
5,1324
5,1325
5,1330
5,1331
5,1334
5,1335
5,1338
5,1339
5,134
5,1341
5,1347
5,135
5,1350
5,1351
5,1352
5,1354
5,1355
5,1358
5,1359
5,1362
5,1363
5,1364
5,1366
5,1367
5,1368
5,1369
5,1372
5,1376
5,1377
5,1379
5,138
5,1380
5,1382
5,1385
5,1386
5,1391
5,1393
5,1395
5,1398
5,1399
5,14
5,1403
5,1405
5,1406
5,1408
5,1409
5,141
5,1410
5,1412
5,1414
5,1418
5,142
5,1421
5,1426
5,1427
5,1428
5,1429
5,1432
5,1433
5,1434
5,1442
5,1443
5,1445
5,1446
5,1447
5,145
5,1450
5,1451
5,1453
5,1454
5,1457
5,1459
5,146
5,1460
5,1465
5,1468
5,147
5,1471
5,1472
5,1475
5,1480
5,1481
5,1482
5,1485
5,1486
5,1488
5,1492
5,1493
5,1494
5,1495
5,1497
5,15
5,1500
5,1502
5,1504
5,1507
5,1508
5,1509
5,1511
5,1518
5,1520
5,1523
5,1525
5,1526
5,153
5,1531
5,1532
5,1533
5,1534
5,1539
5,1540
5,1541
5,1543
5,1544
5,1547
5,1548
5,1549
5,1551
5,1553
5,1554
5,1555
5,1556
5,1557
5,1558
5,1559
5,1560
5,1563
5,1564
5,1567
5,1568
5,1570
5,1571
5,1572
5,1574
5,1575
5,1576
5,1577
5,1578
5,1579
5,158
5,1580
5,1582
5,1584
5,159
5,1590
5,1592
5,16
5,160
5,1602
5,1603
5,1604
5,1605
5,1607
5,1612
5,1613
5,1615
5,1617
5,1618
5,1619
5,162
5,1621
5,1623
5,1626
5,1627
5,1628
5,163
5,1630
5,1632
5,1633
5,1637
5,1639
5,164
5,1640
5,1642
5,1643
5,1644
5,1645
5,1647
5,1649
5,1654
5,1655
5,1658
5,1659
5,166
5,1660
5,1666
5,1667
5,1669
5,1670
5,1674
5,1675
5,1676
5,168
5,1682
5,1683
5,1684
5,1685
5,1688
5,1689
5,169
5,1693
5,1696
5,1697
5,1698
5,17
5,1701
5,1702
5,1704
5,1706
5,1708
5,1709
5,1711
5,1712
5,1713
5,1714
5,1715
5,1716
5,1719
5,172
5,1721
5,1723
5,1725
5,1727
5,1729
5,173
5,1732
5,1733
5,1735
5,1738
5,174
5,1740
5,1741
5,1743
5,1749
5,175
5,1750
5,1751
5,1754
5,1755
5,1758
5,176
5,1760
5,1761
5,1762
5,1763
5,1764
5,1765
5,1766
5,1767
5,1768
5,1769
5,177
5,1770
5,1771
5,1773
5,1775
5,1776
5,1777
5,1778
5,1779
5,1781
5,1782
5,1784
5,1785
5,1787
5,1788
5,179
5,1792
5,1793
5,1794
5,1796
5,1797
5,1798
5,1799
5,18
5,180
5,1807
5,1808
5,181
5,1810
5,1811
5,1814
5,1815
5,1817
5,1822
5,1825
5,1826
5,1827
5,1828
5,1829
5,1830
5,1831
5,1835
5,1839
5,184
5,1841
5,1842
5,1843
5,1844
5,1845
5,1846
5,1848
5,185
5,1852
5,1853
5,1854
5,1856
5,1857
5,1858
5,1859
5,1863
5,1865
5,1868
5,187
5,1870
5,1873
5,1875
5,1876
5,1877
5,1878
5,188
5,1880
5,1881
5,1882
5,1883
5,1886
5,1887
5,1888
5,189
5,1890
5,1892
5,1895
5,1898
5,19
5,190
5,1900
5,1901
5,1902
5,1903
5,1906
5,191
5,1910
5,1911
5,1913
5,1915
5,1916
5,1917
5,1922
5,1923
5,1925
5,1929
5,1930
5,1931
5,1935
5,1936
5,1938
5,1939
5,194
5,1940
5,1941
5,1945
5,1946
5,1952
5,1953
5,1954
5,1957
5,196
5,1963
5,1964
5,1967
5,1970
5,1972
5,1975
5,1976
5,1979
5,1980
5,1982
5,1984
5,1985
5,1987
5,199
5,1990
5,1991
5,1992
5,1993
5,1994
5,1996
5,1998
5,1999
5,2
5,200
5,2001
5,2002
5,2003
5,2004
5,2005
5,2006
5,2007
5,201
5,2011
5,2013
5,2016
5,2017
5,2018
5,202
5,2022
5,2024
5,2026
5,2027
5,203
5,2030
5,2032
5,2033
5,2037
5,204
5,2041
5,2043
5,2045
5,2049
5,205
5,2050
5,2053
5,2055
5,2056
5,2060
5,2064
5,2065
5,2067
5,2069
5,2071
5,2072
5,2073
5,2074
5,2075
5,2077
5,208
5,2080
5,2081
5,2082
5,2085
5,2088
5,209
5,2091
5,2092
5,2093
5,2097
5,21
5,2101
5,2104
5,2106
5,2107
5,2109
5,2110
5,2113
5,2117
5,2122
5,2123
5,2126
5,2127
5,2129
5,2133
5,214
5,215
5,217
5,219
5,22
5,221
5,222
5,223
5,225
5,227
5,228
5,232
5,233
5,235
5,237
5,24
5,241
5,243
5,244
5,245
5,246
5,247
5,25
5,250
5,251
5,252
5,26
5,260
5,261
5,262
5,263
5,264
5,27
5,270
5,273
5,274
5,276
5,277
5,278
5,279
5,28
5,280
5,281
5,282
5,285
5,286
5,287
5,288
5,289
5,291
5,294
5,295
5,296
5,297
5,298
5,299
5,300
5,301
5,302
5,303
5,304
5,305
5,306
5,307
5,308
5,309
5,31
5,311
5,312
5,313
5,314
5,315
5,316
5,318
5,319
5,320
5,321
5,323
5,325
5,326
5,327
5,329
5,330
5,331
5,332
5,336
5,337
5,338
5,339
5,34
5,341
5,343
5,344
5,345
5,346
5,348
5,352
5,355
5,356
5,357
5,358
5,359
5,36
5,360
5,361
5,362
5,364
5,365
5,367
5,368
5,369
5,37
5,370
5,372
5,373
5,375
5,377
5,378
5,38
5,380
5,381
5,382
5,383
5,385
5,387
5,39
5,390
5,392
5,393
5,394
5,396
5,397
5,398
5,4
5,401
5,402
5,403
5,404
5,405
5,406
5,407
5,408
5,409
5,411
5,413
5,415
5,416
5,417
5,418
5,419
5,42
5,420
5,424
5,426
5,429
5,430
5,432
5,433
5,434
5,436
5,438
5,439
5,440
5,441
5,444
5,445
5,447
5,450
5,451
5,453
5,454
5,455
5,456
5,458
5,459
5,46
5,461
5,462
5,463
5,466
5,468
5,469
5,47
5,470
5,472
5,473
5,474
5,475
5,476
5,477
5,482
5,483
5,485
5,486
5,487
5,490
5,491
5,493
5,496
5,498
5,499
5,5
5,500
5,501
5,502
5,503
5,504
5,505
5,506
5,509
5,510
5,511
5,512
5,515
5,516
5,517
5,518
5,519
5,52
5,520
5,521
5,522
5,523
5,524
5,526
5,528
5,53
5,530
5,531
5,532
5,533
5,535
5,539
5,54
5,540
5,541
5,542
5,545
5,547
5,549
5,550
5,551
5,552
5,553
5,555
5,557
5,56
5,561
5,562
5,563
5,564
5,565
5,571
5,572
5,573
5,574
5,575
5,576
5,578
5,579
5,580
5,582
5,583
5,585
5,586
5,587
5,588
5,590
5,592
5,594
5,597
5,6
5,600
5,601
5,602
5,604
5,605
5,606
5,609
5,612
5,613
5,616
5,617
5,619
5,62
5,620
5,621
5,622
5,624
5,625
5,626
5,627
5,628
5,629
5,63
5,630
5,631
5,632
5,633
5,634
5,635
5,636
5,637
5,638
5,639
5,640
5,645
5,647
5,649
5,651
5,652
5,653
5,654
5,658
5,659
5,66
5,660
5,661
5,662
5,663
5,665
5,666
5,667
5,669
5,67
5,670
5,673
5,674
5,676
5,677
5,678
5,68
5,681
5,682
5,686
5,687
5,688
5,689
5,69
5,690
5,691
5,692
5,693
5,70
5,700
5,705
5,706
5,707
5,708
5,709
5,71
5,710
5,711
5,712
5,713
5,715
5,718
5,719
5,720
5,721
5,723
5,725
5,726
5,727
5,73
5,730
5,731
5,735
5,736
5,738
5,739
5,74
5,740
5,741
5,742
5,743
5,745
5,746
5,747
5,748
5,750
5,751
5,752
5,753
5,754
5,757
5,760
5,762
5,763
5,764
5,765
5,766
5,768
5,769
5,77
5,770
5,771
5,774
5,775
5,776
5,778
5,780
5,781
5,782
5,783
5,784
5,785
5,786
5,787
5,788
5,789
5,79
5,790
5,793
5,796
5,798
5,799
5,800
5,801
5,802
5,803
5,804
5,806
5,81
5,810
5,811
5,814
5,815
5,817
5,818
5,819
5,82
5,820
5,822
5,823
5,824
5,826
5,827
5,828
5,829
5,831
5,832
5,835
5,836
5,837
5,838
5,839
5,84
5,840
5,844
5,845
5,846
5,847
5,849
5,85
5,850
5,851
5,852
5,854
5,855
5,856
5,857
5,86
5,860
5,861
5,862
5,863
5,866
5,867
5,869
5,87
5,870
5,872
5,874
5,876
5,877
5,879
5,88
5,880
5,881
5,884
5,885
5,889
5,89
5,890
5,892
5,894
5,897
5,898
5,899
5,9
5,900
5,901
5,903
5,904
5,906
5,907
5,909
5,91
5,912
5,913
5,914
5,915
5,919
5,92
5,922
5,923
5,924
5,925
5,927
5,929
5,932
5,933
5,934
5,935
5,936
5,937
5,938
5,939
5,94
5,942
5,943
5,944
5,945
5,946
5,947
5,948
5,949
5,95
5,950
5,952
5,953
5,955
5,956
5,958
5,959
5,96
5,960
5,961
5,963
5,965
5,966
5,967
5,968
5,970
5,972
5,973
5,974
5,975
5,976
5,978
5,979
5,980
5,983
5,984
5,985
5,989
5,99
5,990
5,991
5,992
5,994
5,995
5,996
5,997
5,998
5,999
6,104
6,1048
6,1060
6,1067
6,1108
6,1121
6,113
6,1242
6,1248
6,1263
6,1276
6,1308
6,132
6,1402
6,1411
6,152
6,1542
6,1562
6,160
6,161
6,1614
6,1731
6,1801
6,1803
6,186
6,1869
6,1879
6,1889
6,1891
6,1928
6,1944
6,1983
6,2079
6,2083
6,2084
6,2094
6,2103
6,2105
6,2115
6,231
6,248
6,266
6,267
6,271
6,273
6,274
6,278
6,32
6,35
6,353
6,38
6,388
6,422
6,431
6,447
6,457
6,46
6,47
6,478
6,48
6,489
6,50
6,513
6,514
6,54
6,58
6,61
6,614
6,655
6,695
6,703
6,729
6,791
6,8
6,807
6,821
6,842
6,864
6,865
6,893
6,926
6,964
6,981
6,982
7,1048
7,1065
7,1067
7,1078
7,1093
7,1117
7,113
7,1138
7,1167
7,1242
7,1287
7,132
7,133
7,1387
7,1392
7,1462
7,1538
7,1589
7,1591
7,1598
7,161
7,1636
7,1641
7,1664
7,1694
7,1726
7,1752
7,1823
7,1851
7,1889
7,192
7,1966
7,1983
7,2021
7,2054
7,2102
7,224
7,240
7,267
7,268
7,274
7,276
7,278
7,283
7,289
7,30
7,342
7,35
7,38
7,399
7,41
7,428
7,431
7,46
7,464
7,47
7,50
7,54
7,566
7,58
7,61
7,623
7,655
7,695
7,729
7,732
7,807
7,83
7,842
7,868
7,921
8,100
8,1002
8,1004
8,1005
8,1006
8,1009
8,1010
8,1011
8,1013
8,1014
8,1018
8,1020
8,1023
8,1025
8,1027
8,1029
8,103
8,1031
8,1033
8,1035
8,1036
8,1039
8,1042
8,1043
8,1047
8,1049
8,1051
8,1054
8,1055
8,1057
8,1058
8,1061
8,1063
8,1078
8,1079
8,108
8,1080
8,1084
8,1089
8,1091
8,1092
8,1093
8,1096
8,1097
8,1098
8,1099
8,11
8,1102
8,1105
8,1106
8,1107
8,1110
8,1113
8,1114
8,1115
8,1116
8,1118
8,112
8,1122
8,1123
8,1124
8,1126
8,1129
8,1131
8,1133
8,1137
8,1141
8,1142
8,1144
8,1146
8,1147
8,115
8,1150
8,1151
8,1155
8,1158
8,1159
8,116
8,1160
8,1164
8,117
8,1172
8,1177
8,1179
8,118
8,1180
8,1183
8,1184
8,1187
8,1188
8,1189
8,1191
8,1196
8,1198
8,12
8,1205
8,1208
8,1212
8,1218
8,1223
8,1225
8,1229
8,123
8,1235
8,1236
8,1238
8,124
8,1241
8,1242
8,1243
8,1244
8,1249
8,125
8,1253
8,1255
8,1259
8,126
8,1262
8,1268
8,1274
8,1275
8,1277
8,1279
8,1280
8,1283
8,1285
8,1289
8,1292
8,1293
8,1296
8,1298
8,130
8,1301
8,1306
8,1310
8,1311
8,1313
8,1315
8,1316
8,1317
8,1321
8,1326
8,1327
8,1328
8,1329
8,1331
8,1333
8,1334
8,1335
8,1339
8,134
8,1340
8,1341
8,1343
8,1344
8,1346
8,1347
8,1350
8,1352
8,1355
8,1357
8,1358
8,1362
8,1363
8,1364
8,1365
8,1367
8,1369
8,1372
8,1373
8,1381
8,1382
8,1383
8,1386
8,139
8,1393
8,1394
8,1397
8,140
8,1406
8,1409
8,141
8,1410
8,1412
8,1414
8,1415
8,1416
8,142
8,1421
8,1423
8,1424
8,1425
8,1426
8,1427
8,1428
8,1429
8,143
8,1431
8,1434
8,1439
8,1440
8,1441
8,1442
8,1443
8,1444
8,1445
8,1449
8,1450
8,1451
8,1452
8,146
8,1461
8,1464
8,1465
8,1468
8,1469
8,147
8,1472
8,1475
8,1476
8,1477
8,1478
8,1479
8,1481
8,1485
8,1487
8,1488
8,149
8,1490
8,1491
8,1492
8,1498
8,15
8,1501
8,1502
8,1506
8,1507
8,151
8,1510
8,1512
8,1514
8,1515
8,1516
8,1520
8,1521
8,1523
8,1524
8,153
8,1531
8,1532
8,1533
8,1537
8,1539
8,1540
8,1544
8,1546
8,1547
8,1548
8,1549
8,1559
8,1560
8,1570
8,1572
8,1577
8,1578
8,1579
8,1580
8,1582
8,1584
8,1586
8,1588
8,1590
8,1594
8,16
8,160
8,1600
8,1602
8,1607
8,1609
8,1611
8,1612
8,1617
8,1618
8,162
8,1621
8,1622
8,1623
8,1627
8,1630
8,1632
8,164
8,1640
8,1646
8,1648
8,1649
8,165
8,1650
8,1653
8,1655
8,1658
8,166
8,1660
8,1666
8,1667
8,1668
8,1671
8,1673
8,1674
8,1676
8,1682
8,1683
8,1684
8,1686
8,169
8,1691
8,1693
8,1696
8,1697
8,1701
8,1703
8,1705
8,1706
8,1707
8,1708
8,1709
8,1713
8,1715
8,1719
8,172
8,1720
8,1727
8,1728
8,1732
8,1733
8,1735
8,1740
8,1741
8,1743
8,1745
8,1748
8,1749
8,175
8,1753
8,1755
8,1758
8,176
8,1762
8,1765
8,1766
8,1768
8,1769
8,177
8,1770
8,1773
8,1775
8,1776
8,1777
8,1780
8,1781
8,1782
8,1783
8,1785
8,1787
8,179
8,1794
8,1795
8,1797
8,1798
8,180
8,1809
8,181
8,1815
8,1825
8,1826
8,1828
8,1830
8,1831
8,1832
8,1834
8,1836
8,1839
8,1840
8,1841
8,1848
8,1852
8,1854
8,1856
8,1857
8,1858
8,1859
8,1862
8,1866
8,1867
8,1868
8,1870
8,1872
8,1876
8,188
8,1880
8,1886
8,1888
8,189
8,1895
8,1897
8,1899
8,19
8,190
8,1900
8,1904
8,1907
8,191
8,1910
8,1914
8,1916
8,1917
8,1922
8,1923
8,1925
8,1930
8,1931
8,1935
8,1937
8,1938
8,1939
8,194
8,1944
8,1948
8,1949
8,1954
8,1956
8,1957
8,1958
8,196
8,1961
8,1962
8,1963
8,1964
8,1965
8,1967
8,1970
8,1972
8,1976
8,1977
8,1978
8,1979
8,1981
8,199
8,1994
8,1995
8,1996
8,1999
8,2
8,200
8,2000
8,2002
8,2005
8,2006
8,2008
8,2009
8,201
8,2013
8,2014
8,202
8,2020
8,2022
8,2023
8,2024
8,2026
8,2027
8,203
8,2032
8,2033
8,2036
8,2039
8,2040
8,2041
8,2043
8,2044
8,2045
8,205
8,2050
8,206
8,2065
8,2069
8,2071
8,2072
8,2073
8,2077
8,2078
8,2080
8,2085
8,209
8,2097
8,21
8,2108
8,2109
8,2112
8,2117
8,2118
8,2122
8,2124
8,2125
8,2126
8,2132
8,214
8,216
8,217
8,22
8,220
8,222
8,223
8,229
8,230
8,232
8,235
8,24
8,243
8,245
8,246
8,247
8,25
8,251
8,258
8,26
8,261
8,263
8,264
8,267
8,27
8,271
8,273
8,274
8,277
8,278
8,279
8,28
8,280
8,282
8,285
8,291
8,292
8,293
8,294
8,298
8,303
8,308
8,309
8,31
8,313
8,314
8,315
8,317
8,323
8,326
8,327
8,329
8,330
8,331
8,336
8,337
8,338
8,339
8,341
8,345
8,346
8,349
8,357
8,359
8,361
8,362
8,364
8,368
8,369
8,37
8,377
8,38
8,380
8,382
8,385
8,387
8,392
8,393
8,396
8,397
8,4
8,401
8,402
8,403
8,405
8,406
8,408
8,413
8,415
8,416
8,417
8,418
8,419
8,42
8,420
8,424
8,426
8,429
8,430
8,434
8,438
8,439
8,445
8,446
8,452
8,453
8,458
8,46
8,462
8,466
8,47
8,470
8,471
8,473
8,476
8,477
8,480
8,482
8,483
8,487
8,490
8,495
8,496
8,498
8,499
8,501
8,503
8,504
8,505
8,506
8,510
8,512
8,515
8,516
8,519
8,52
8,521
8,524
8,525
8,526
8,527
8,530
8,531
8,532
8,533
8,535
8,536
8,537
8,539
8,54
8,541
8,547
8,55
8,557
8,56
8,562
8,564
8,565
8,571
8,572
8,573
8,579
8,58
8,580
8,582
8,585
8,586
8,588
8,594
8,595
8,597
8,60
8,600
8,601
8,604
8,612
8,613
8,616
8,62
8,622
8,625
8,627
8,629
8,63
8,630
8,631
8,632
8,633
8,635
8,638
8,639
8,640
8,642
8,644
8,645
8,649
8,651
8,653
8,654
8,659
8,66
8,660
8,662
8,667
8,67
8,673
8,676
8,677
8,678
8,681
8,682
8,687
8,688
8,69
8,690
8,691
8,692
8,697
8,705
8,707
8,708
8,710
8,713
8,715
8,718
8,719
8,72
8,720
8,721
8,725
8,728
8,731
8,735
8,736
8,739
8,740
8,744
8,746
8,751
8,752
8,754
8,758
8,760
8,764
8,765
8,766
8,768
8,77
8,774
8,775
8,776
8,778
8,780
8,781
8,782
8,784
8,786
8,788
8,79
8,793
8,795
8,796
8,798
8,799
8,801
8,802
8,803
8,804
8,805
8,806
8,81
8,814
8,815
8,818
8,819
8,82
8,820
8,823
8,825
8,826
8,827
8,829
8,830
8,832
8,837
8,845
8,846
8,847
8,848
8,849
8,85
8,850
8,854
8,857
8,858
8,860
8,861
8,862
8,866
8,867
8,869
8,870
8,874
8,876
8,881
8,883
8,884
8,885
8,887
8,89
8,891
8,894
8,901
8,903
8,907
8,908
8,909
8,91
8,912
8,913
8,914
8,915
8,917
8,922
8,925
8,928
8,932
8,933
8,934
8,936
8,937
8,943
8,950
8,954
8,955
8,957
8,96
8,960
8,962
8,963
8,965
8,966
8,969
8,970
8,972
8,973
8,975
8,976
8,979
8,980
8,984
8,986
8,99
8,992
8,994
8,995
8,998
9,1050
9,1076
9,1077
9,1119
9,1318
9,1458
9,1511
9,1513
9,1517
9,1527
9,1528
9,154
9,157
9,1739
9,1746
9,1756
9,1786
9,1884
9,2048
9,242
9,253
9,259
9,269
9,275
9,33
9,38
9,386
9,39
9,40
9,449
9,481
9,488
9,49
9,526
9,538
9,543
9,548
9,55
9,610
9,611
9,618
9,643
9,646
9,671
9,680
9,685
9,694
9,696
9,76
9,808
9,871
9,873
9,874
9,875
9,888
9,91
9,987
10,105
10,1050
10,1066
10,1076
10,1077
10,1291
10,1419
10,1458
10,1511
10,1527
10,1528
10,154
10,156
10,157
10,169
10,1699
10,1739
10,1746
10,1833
10,1850
10,1884
10,1912
10,253
10,265
10,269
10,275
10,386
10,39
10,40
10,479
10,481
10,488
10,49
10,526
10,538
10,548
10,55
10,567
10,569
10,610
10,611
10,618
10,675
10,684
10,694
10,696
10,76
10,808
10,871
10,873
10,874
10,875
10,878
10,945
10,951
11,101
11,1014
11,1023
11,1026
11,1032
11,1034
11,1040
11,1048
11,105
11,1050
11,1052
11,1057
11,1070
11,1072
11,1076
11,1077
11,1078
11,1079
11,109
11,1099
11,110
11,1111
11,1149
11,1169
11,1175
11,1181
11,1202
11,1239
11,1242
11,128
11,1286
11,129
11,1354
11,1358
11,136
11,137
11,1375
11,1388
11,1398
11,1399
11,1406
11,1411
11,1417
11,142
11,143
11,1435
11,144
11,1444
11,1458
11,1462
11,1511
11,1513
11,1514
11,1527
11,1539
11,154
11,1545
11,155
11,1558
11,1561
11,157
11,1589
11,160
11,1608
11,161
11,1631
11,165
11,1650
11,1672
11,168
11,169
11,1690
11,170
11,1718
11,1725
11,1739
11,1746
11,1756
11,178
11,1786
11,1862
11,1866
11,1874
11,1884
11,1891
11,1905
11,1908
11,192
11,1944
11,195
11,197
11,1976
11,1989
11,2048
11,2056
11,2059
11,207
11,2071
11,2075
11,209
11,226
11,231
11,235
11,236
11,239
11,244
11,253
11,255
11,256
11,257
11,259
11,265
11,266
11,267
11,268
11,269
11,27
11,270
11,271
11,272
11,273
11,274
11,275
11,276
11,282
11,284
11,289
11,324
11,329
11,33
11,330
11,333
11,334
11,339
11,34
11,347
11,349
11,351
11,363
11,366
11,367
11,38
11,39
11,391
11,395
11,40
11,41
11,410
11,418
11,42
11,422
11,425
11,43
11,431
11,44
11,45
11,457
11,46
11,460
11,467
11,47
11,471
11,472
11,475
11,48
11,481
11,484
11,487
11,488
11,49
11,492
11,497
11,525
11,526
11,527
11,538
11,546
11,548
11,55
11,554
11,556
11,560
11,57
11,570
11,572
11,576
11,58
11,584
11,589
11,59
11,61
11,610
11,611
11,615
11,616
11,62
11,623
11,648
11,65
11,656
11,662
11,668
11,679
11,685
11,694
11,695
11,696
11,697
11,698
11,709
11,716
11,719
11,729
11,737
11,744
11,749
11,75
11,759
11,76
11,767
11,773
11,777
11,778
11,779
11,782
11,794
11,797
11,803
11,805
11,808
11,813
11,83
11,833
11,836
11,841
11,859
11,865
11,868
11,869
11,870
11,871
11,872
11,873
11,874
11,875
11,878
11,886
11,887
11,888
11,90
11,901
11,91
11,911
11,916
11,917
11,918
11,920
11,93
11,945
11,951
11,969
11,97
11,971
11,98
11,986